代号,前测成绩,兴趣方向,发言活跃度,质疑倾向,合作倾向,常见误解
E01,38,工程应用,高,中,1,认为电流流过负载会被“消耗”
E02,55,数据分析,低,低,2,混淆节点与网孔
E03,72,案例讨论,中,高,3,把参考方向当成实际方向
E04,89,动手实验,高,中,4,
E05,48,工程应用,低,低,5,
E06,65,数据分析,中,高,1,
E07,82,案例讨论,高,中,2,认为电流流过负载会被“消耗”
E08,41,动手实验,低,低,3,混淆节点与网孔
E09,58,工程应用,中,高,4,把参考方向当成实际方向
E10,75,数据分析,高,中,5,
E11,92,案例讨论,低,低,1,
E12,51,动手实验,中,高,2,
E13,68,工程应用,高,中,3,认为电流流过负载会被“消耗”
E14,85,数据分析,低,低,4,混淆节点与网孔
E15,44,案例讨论,中,高,5,把参考方向当成实际方向
E16,61,动手实验,高,中,1,
E17,78,工程应用,低,低,2,
E18,95,数据分析,中,高,3,
E19,54,案例讨论,高,中,4,认为电流流过负载会被“消耗”
E20,71,动手实验,低,低,5,混淆节点与网孔
E21,88,工程应用,中,高,1,把参考方向当成实际方向
E22,47,数据分析,高,中,2,
E23,64,案例讨论,低,低,3,
E24,81,动手实验,中,高,4,
E25,40,工程应用,高,中,5,认为电流流过负载会被“消耗”
E26,57,数据分析,低,低,1,混淆节点与网孔
E27,74,案例讨论,中,高,2,把参考方向当成实际方向
E28,91,动手实验,高,中,3,
E29,50,工程应用,低,低,4,
E30,67,数据分析,中,高,5,
E31,84,案例讨论,高,中,1,认为电流流过负载会被“消耗”
E32,43,动手实验,低,低,2,混淆节点与网孔
E33,60,工程应用,中,高,3,把参考方向当成实际方向
E34,77,数据分析,高,中,4,
E35,94,案例讨论,低,低,5,
E36,53,动手实验,中,高,1,
E37,70,工程应用,高,中,2,认为电流流过负载会被“消耗”
E38,87,数据分析,低,低,3,混淆节点与网孔
E39,46,案例讨论,中,高,4,把参考方向当成实际方向
E40,63,动手实验,高,中,5,
